Type,Name,Request Count,Failure Count,Median Response Time,Average Response Time,Min Response Time,Max Response Time,Average Content Size,Requests/s,Failures/s,50%,66%,75%,80%,90%,95%,98%,99%,99.9%,99.99%,100%
GET,/2026/04/22/post-texto-400k/,10,0,540.0,625.8921181999085,492.4986539999736,1002.8893050002807,12914.0,2.4728527683861907,0.0,540,600,600,940,1000,1000,1000,1000,1000,1000,1000
,Aggregated,10,0,540.0,625.8921181999085,492.4986539999736,1002.8893050002807,12914.0,2.4728527683861907,0.0,540,600,600,940,1000,1000,1000,1000,1000,1000,1000
