Type,Name,Request Count,Failure Count,Median Response Time,Average Response Time,Min Response Time,Max Response Time,Average Content Size,Requests/s,Failures/s,50%,66%,75%,80%,90%,95%,98%,99%,99.9%,99.99%,100%
GET,/post-imagem-1mb/,634,0,5200.0,5097.159745260255,1204.0280119999807,8780.708403000062,12914.0,5.31996687594379,0.0,5200,5600,6100,6300,6700,7100,7700,8300,8800,8800,8800
GET,/post-imagem-300kb/,703,0,5100.0,4890.411845059744,1144.1829279997364,8722.931850999885,12914.0,5.8989538072373575,0.0,5100,5600,5900,6100,6600,6900,7300,7900,8700,8700,8700
GET,/post-texto-400k/,670,0,5100.0,4997.37652810598,1191.051563000201,9064.346803000262,12914.0,5.62204701401,0.0,5100,5700,6000,6200,6700,7100,7700,8400,9100,9100,9100
,Aggregated,2007,0,5200.0,4991.430532836564,1144.1829279997364,9064.346803000262,12914.0,16.840967697191147,0.0,5200,5600,6000,6200,6700,7100,7600,8200,8800,9100,9100
