Type,Name,Request Count,Failure Count,Median Response Time,Average Response Time,Min Response Time,Max Response Time,Average Content Size,Requests/s,Failures/s,50%,66%,75%,80%,90%,95%,98%,99%,99.9%,99.99%,100%
GET,/post-imagem-1mb/,673,58,7500.0,6498.180440968797,68.74594800001432,11720.785446999798,12032.838038632986,5.695676082220168,0.4908606430442344,7500,8100,8500,8700,9400,9800,10000,11000,12000,12000,12000
GET,/post-imagem-300kb/,780,57,7100.0,6246.068406685889,89.59603099992819,12162.701668999944,12189.376923076923,6.601229337491428,0.482397528508989,7100,8000,8400,8600,9200,9800,10000,11000,12000,12000,12000
GET,/post-texto-400k/,725,50,7300.0,6456.176302464819,79.3537140002627,11152.276018000066,12228.931034482759,6.13575803805293,0.42315572676227103,7300,8100,8500,8700,9300,9900,10000,11000,11000,11000,11000
,Aggregated,2178,165,7400.0,6393.910290759411,68.74594800001432,12162.701668999944,12154.173094582186,18.432663457764527,1.3964138983154943,7400,8100,8500,8700,9300,9800,10000,11000,11000,12000,12000
