Type,Name,Request Count,Failure Count,Median Response Time,Average Response Time,Min Response Time,Max Response Time,Average Content Size,Requests/s,Failures/s,50%,66%,75%,80%,90%,95%,98%,99%,99.9%,99.99%,100%
GET,/post-imagem-1mb/,692,0,7100.0,6423.566007615608,909.4185589999597,9729.480491000004,12914.0,5.816917490502471,0.0,7100,7500,7700,7800,8100,8500,8900,9100,9700,9700,9700
GET,/post-imagem-300kb/,795,0,7000.0,6124.551996001266,834.8369420000381,9576.566800999899,12914.0,6.682730353973215,0.0,7000,7400,7600,7700,8000,8300,8700,9000,9600,9600,9600
GET,/post-texto-400k/,739,0,7000.0,6272.244413437077,867.1506320001754,9500.282552000044,12914.0,6.211997146649315,0.0,7000,7400,7600,7800,8100,8500,8900,9200,9500,9500,9500
,Aggregated,2226,0,7100.0,6266.538695247523,834.8369420000381,9729.480491000004,12914.0,18.711644991125,0.0,7100,7400,7600,7700,8100,8400,8800,9100,9600,9700,9700
