Type,Name,Request Count,Failure Count,Median Response Time,Average Response Time,Min Response Time,Max Response Time,Average Content Size,Requests/s,Failures/s,50%,66%,75%,80%,90%,95%,98%,99%,99.9%,99.99%,100%
GET,/post-imagem-1mb/,589,0,5700.0,5487.08802045503,1092.2479319997365,8749.041964999378,12914.0,4.928122254014344,0.0,5700,6100,6500,6700,7200,7600,8000,8300,8700,8700,8700
GET,/post-imagem-300kb/,647,0,5500.0,5254.342579468287,1072.9818090003391,9308.742025000356,12914.0,5.413404241676197,0.0,5500,6100,6300,6500,7000,7500,8000,8200,9300,9300,9300
GET,/post-texto-400k/,618,0,5500.0,5350.9371634320405,945.4313980004372,8866.982282999743,12914.0,5.1707632478452705,0.0,5500,6000,6400,6500,7100,7600,8100,8500,8900,8900,8900
,Aggregated,1854,0,5600.0,5360.482017241095,945.4313980004372,9308.742025000356,12914.0,15.512289743535812,0.0,5600,6100,6400,6600,7100,7600,8000,8300,8900,9300,9300
