Type,Name,Request Count,Failure Count,Median Response Time,Average Response Time,Min Response Time,Max Response Time,Average Content Size,Requests/s,Failures/s,50%,66%,75%,80%,90%,95%,98%,99%,99.9%,99.99%,100%
GET,/post-imagem-1mb/,616,14,8000.0,7041.871713339301,660.1768640002774,11003.725341999598,12687.152597402597,5.197951179885594,0.11813525408830895,8000,8400,8700,8800,9200,9500,9900,10000,11000,11000,11000
GET,/post-imagem-300kb/,721,12,7600.0,6658.491075535357,758.1213859994023,10735.007911999674,12748.671289875174,6.083965585547911,0.10125878921855053,7600,8200,8500,8600,9000,9300,9700,9900,11000,11000,11000
GET,/post-texto-400k/,668,13,7700.0,6824.522766359273,478.3084040000176,10183.111436999752,12719.18113772455,5.636739266499313,0.10969702165342975,7700,8300,8600,8700,9100,9400,9700,9900,10000,10000,10000
,Aggregated,2005,39,7800.0,6831.594139055361,478.3084040000176,11003.725341999598,12719.945635910224,16.91865603193282,0.3290910649602892,7800,8300,8600,8700,9100,9400,9700,10000,10000,11000,11000
